id,tweet
1.58E+18,"@M45Broo_ Cebong benar2 panik luar biasa, ini baru di Jakarta.daerah2 lain semakin Menggeliat &amp; merajalela mendukung Pak Anies Baswedan https://t.co/wG8JVsK2Hr"
1.58E+18,@Relawananies https://t.co/uf5sE0iGLI
1.58E+18,"RT @BosPurwa: #IndonesiaMemanggil 
5 Tahun Anies Baswedan memimpin DKI Jakarta dibanding dengan periode sebelumnya maka:

Lebih baik�Retwee…"
1.58E+18,RT @aLy_Bima: Video ini hanya untuk orang yang belum tahu prestasi gubernur DKI jakarta bang anies baswedan � https://t.co/iO8tYUlXtu
1.58E+18,"RT @tempodotco: ""Tidak ringan permasalahan di Jakarta, sangat kompleks sekali. Tapi Bapak (Anies) bisa menyelesaikan,"" ujar Mendag Tito Kar…"
1.58E+18,"RT @tvOneNews: Forum Ka'bah Membangun, Siap Bawa Anies Baswedan Capres 2024 Pimpin Perubahan Indonesia https://t.co/RdTysPD6Iv"
1.58E+18,@Relawananies https://t.co/jjtnMhmJof
1.58E+18,"RT @MIlhamMukmin1: Tgl 30 Oktober silahkan merapat ke Yogyakarta......
https://t.co/OiJFAanvrP"
1.58E+18,"RT @OposisiCerdas: Anies Baswedan Tak Menyangka Ribuan masyarakat Jakarta Hadiri Momen Perpisahannya
https://t.co/yGqXN72Ab1"
1.58E+18,@alisyarief Nah harus gitu gonggongan mu njing Ali ..yg semangat ..ayoo njing semangat klu jdi anjing piaranku yaah
1.58E+18,Jika memang ini di lakukan untuk menjatuhkan pak abis baswedan...sungguh ini perbuatan iblis yg menyengsarakan manusia..Karena dampaknya menjadi bencana bagi bnyk orang.. https://t.co/u2Q1dj28Im
1.58E+18,"Ketum Partai Gerindra Prabowo Subianto memiliki elektabilitas tembus di angka 31,8% meninggalkan Gubernur Jawa Tengah Ganjar Pranowo 20,4% dan Gubernur DKI Jakarta Anies Baswedan 11,7%. Mending Prabowo https://t.co/Nw4XJqKOBj dekade08"
1.58E+18,"@aLy_Bima Tugu sepatu gmn kabar.
Pohon yg di tebang di monas udah di sehat kan blm"
1.58E+18,"RT @Mdy_Asmara1701: Anies Baswedan: Orang Baik Harus Mau Masuk Politik

#IndonesiaMemanggilAnies 
#AniesPresiden2024
https://t.co/FLcIk3lB08"
1.58E+18,"Yang sabar ya, Buzz  .
Allah sedang menunjukkan jalan perubahan untuk Indonesia, Insyaaa Allah....
@aniesbaswedan https://t.co/hQNlmMrfF5"
1.58E+18,"RT @Relawananies: Untuk menjadikan Indonesia lebih baik, maka orang-orang baik harus mau terjun ke dunia politik.

Hal itu disampaikan Anie…"
1.58E+18,"RT @BosPurwa: Sinyal Buat Koalisi #AK24

12 Oktoober 2022
Jenderal Andika Perkasa :
Saya belum pernah ketemu, blm komunikasi

14 Oktober 20…"
1.58E+18,"RT @OposisiCerdas: Kamhar Lakumani Sebut Anies Baswedan Sudah Penuhi Janji Kampanye Tanpa Masuk Gorong-gorong
https://t.co/WNo93Kzpyn"
1.58E+18,"RT @detikcom: ""Ini sangat memalukan, tidak bertanggung jawab,"" kata Gilbert. https://t.co/4inqZjrG27"
1.58E+18,"RT @Mdy_Asmara1701: Anies Baswedan: Orang Baik Harus Mau Masuk Politik

#IndonesiaMemanggilAnies 
#AniesPresiden2024
https://t.co/FLcIk3lB08"
1.58E+18,RT @aLy_Bima: Video ini hanya untuk orang yang belum tahu prestasi gubernur DKI jakarta bang anies baswedan � https://t.co/iO8tYUlXtu
1.58E+18,@aniesbaswedan @DKIJakarta Hahaha @KPK_RI  tangkap anies baswedan
1.58E+18,@CNNIndonesia https://t.co/4UBnt85mmw
1.58E+18,"RT @OposisiCerdas: Kamhar Lakumani Sebut Anies Baswedan Sudah Penuhi Janji Kampanye Tanpa Masuk Gorong-gorong
https://t.co/WNo93Kzpyn"
1.58E+18,"RT @WeiXiao10478956: @Cozillar_Spun @BosPurwa Pantes saja yunarto Wijaya sangat benci Bpk anies baswedan,rupanya pendukungnya ahok.wkwkwk"
1.58E+18,@Relawananies https://t.co/RsGC1dwUqo
1.58E+18,"RT @HyEvan1: Masha Allah...next @aniesbaswedan Presiden Yaman

Kaum ini emang parah baet dahh...LRT yg sudah dibangun di Era Jokowi diklaim…"
1.58E+18,@HelmiFelis_ Semangat anjing ku HELMI gonggongan mu tolol jng lama lama klu gonggong
1.58E+18,"@BosPurwa Itu foto emang apik krn pake kamera resolusi tinggi permukaan apik tp di bawah rakyat ny gak bahagia, rakyat gak butuh selfie yg lbih penting kesejahteraan dan ke bahagiaan yg hakiki..."
1.58E+18,"Pesan buat kita,semua! https://t.co/uFr7Kork1F"
1.58E+18,"RT @Cintada68225244: Hanya Berharap pada 
Pak Anies Baswedan 

Semoga Indonesia
Di pimpin Sama Orang Yang Shalih 
Yang Cerdas , Yang Negara…"
1.58E+18,@WeiXiao10478956 @UkanIbrahim @Cozillar_Spun @BosPurwa Ya tentu saja AHOKER.
1.58E+18,"RT @RomitsuT: Ada apa dengan Anies Baswedan ?
Ini baru pertama kali terjadi di Indonesia bahkan dunia ( maaf kalau saya salah ) , dimana pa…"
1.58E+18,RT @BosPurwa: Silakan Reply dengan gambar atau video yang kelen sukai dari acara perpisahan Anies Baswedan di hari kemarin ditambah tagar #…
1.58E+18,RT @Sahrin84959845: Hadiah dari @karniilyas untuk Anies Baswedan yg telah berlaku adil terhadap seluruh masyarakat selama menjadi gubernur…
1.58E+18,@DoankWarto https://t.co/DXglBZ2kdB
1.58E+18,@Mdy_Asmara1701 Setuju banget agar tidak jadi pejabat bangsat
1.58E+18,"RT @BosPurwa: #IndonesiaMemanggil 
5 Tahun Anies Baswedan memimpin DKI Jakarta dibanding dengan periode sebelumnya maka:

Lebih baik�Retwee…"
1.58E+18,"@Relawananies sesuai FAKTA PRESIDEN RI dari yg Ke 1 hingga ke 7 semua WNI Asli, Naif jika Bangsa sebesar ini dipimpin WN Keturunan Imigran/Asing. https://t.co/IYVsUn5x7Z"
1.58E+18,RT @arwidodo: Deklarasi dukungan terhadap Anies Baswedan sebagai bakal calon capres di Pilpres 2024 oleh para nelayan Pantura https://t.co/…
1.58E+18,"RT @OposisiCerdas: Pamit, Anies Baswedan Ucapkan Terima Kasih ke Gerindra dan PKS
https://t.co/VGoxglTduH"
1.58E+18,maksud nya menyelesaikan jabatan tanpa di kriminalisasi gtu :D https://t.co/4kdOTKV9B7
1.58E+18,"RT @GunRomli: Bapak Christoforus Rea (Tokoh Ummat Katolik) namanya dicatut untuk gelar 'Bapak Toleransi Beragama' unt Anies Baswedan.

Dia…"
1.58E+18,"@tempodotco Hello @ojkindonesia  &amp; @Michelin.  Multistrada have to refloat shares to 7,5% at max 2 years in which in this case 21 May 2021. Til now there is no action. Michelin, please honour and fullfiled the regulation POJK No.3/POJK.04/2021. OJK, please protect the investors.
@IDX_BEI"
1.58E+18,"RT @alisyarief: Partai Koalisi Pemerintah 82% suaranya di Parlemen (dari 7 partai). Saat Pencapresan, tak mau bersatu. Mereka ingin sendiri…"
1.58E+18,"RT @BosPurwa: Sinyal Buat Koalisi #AK24

12 Oktoober 2022
Jenderal Andika Perkasa :
Saya belum pernah ketemu, blm komunikasi

14 Oktober 20…"
1.58E+18,RT @JarnasABW: Simpul relawan Anies Baswedan siap bersinergi dengan partai2 pendukung. Kemarin di sumatera utara berbagai simpul relawan An…
1.58E+18,"RT @BosPurwa: #IndonesiaMemanggil 
5 Tahun Anies Baswedan memimpin DKI Jakarta dibanding dengan periode sebelumnya maka:

Lebih baik�Retwee…"
1.58E+18,RT @aLy_Bima: Video ini hanya untuk orang yang belum tahu prestasi gubernur DKI jakarta bang anies baswedan � https://t.co/iO8tYUlXtu
1.58E+18,"RT @tempodotco: ""Tidak ringan permasalahan di Jakarta, sangat kompleks sekali. Tapi Bapak (Anies) bisa menyelesaikan,"" ujar Mendag Tito Kar…"
1.58E+18,"@alisyarief Buyar, ambyar ,mereka berdesak desakan  keluar ...Terpapar GAS AIR MATA , ali san���
.ISYARAT KANJURUHAN"
1.58E+18,RT @aLy_Bima: Video ini hanya untuk orang yang belum tahu prestasi gubernur DKI jakarta bang anies baswedan � https://t.co/iO8tYUlXtu
1.58E+18,"RT @aLy_Bima: Bosen ga sahabat klo yang di post prestasi �

Halte megah bundaran HI karya anies baswedan. https://t.co/Hu9Tiry1Ms"
1.58E+18,"RT @bero_ari: Inilah toleransi semu ala Anies Baswedan. 
Mencatut nama org dan memalsukan tandatangan utk sbuah Piagam. 
Mohon bantu viralk…"
1.58E+18,"RT @Relawananies: Ratusan nelayan di Indramayu deklarasi dukung Anies Baswedan Presiden 2024, (16/10). https://t.co/g5VluXoWYr"
1.58E+18,"RT @Mdy_Asmara1701: Anies Baswedan: Orang Baik Harus Mau Masuk Politik

#IndonesiaMemanggilAnies 
#AniesPresiden2024
https://t.co/FLcIk3lB08"
1.58E+18,RT @humasjakfire: Ucapan terima kasih Satriadi Gunawan selaku Kepala Dinas Penanggulangan Kebakaran dan Penyelamatan Provinsi DKI Jakarta k…
1.58E+18,"Usai mendeklarasikan Anies Baswedan dalam Pemilu 2024, Surya Paloh mengatakan ada desakan agar NasDem dikeluarkan dari koalisi Jokowi. https://t.co/0SrD7dpp5v"
1.58E+18,"RT @DoankWarto: PMI kok ikut ikutan MAIN POLITIK galang dukungan Anies Baswedan !!!
Siapa ini dalangnya ?
Apakah dana PMI untuk kegiatan po…"
1.58E+18,RT @humasjakfire: Ucapan terima kasih Satriadi Gunawan selaku Kepala Dinas Penanggulangan Kebakaran dan Penyelamatan Provinsi DKI Jakarta k…
1.58E+18,@BosPurwa Mending ma Gatot sih. Ingat dia menantu nya Hendro
1.58E+18,"@alisyarief Namanya politik bego! Gak ada yg abadi tergantung kepentingan, Nasdrun dan PD bakal nyungsep mendukung capres didukung HTI FPI dan mantan napiter, paham Li!???!"
1.58E+18,"RT @RomitsuT: Ada apa dengan Anies Baswedan ?
Ini baru pertama kali terjadi di Indonesia bahkan dunia ( maaf kalau saya salah ) , dimana pa…"
1.58E+18,"RT @MohammadDayatS: Rakyat tahu mana pemimpin yg baik, jujur, amanah, tidak memperkaya diri sendiri dan berpihak pada rakyat kecil..

Saya…"
1.58E+18,"RT @BosPurwa: #IndonesiaMemanggil 
5 Tahun Anies Baswedan memimpin DKI Jakarta dibanding dengan periode sebelumnya maka:

Lebih baik�Retwee…"
1.58E+18,"RT @GunRomli: Bapak Christoforus Rea (Tokoh Ummat Katolik) namanya dicatut untuk gelar 'Bapak Toleransi Beragama' unt Anies Baswedan.

Dia…"
1.58E+18,"RT @alisyarief: Partai Koalisi Pemerintah 82% suaranya di Parlemen (dari 7 partai). Saat Pencapresan, tak mau bersatu. Mereka ingin sendiri…"
1.58E+18,RT @humasjakfire: Ucapan terima kasih Satriadi Gunawan selaku Kepala Dinas Penanggulangan Kebakaran dan Penyelamatan Provinsi DKI Jakarta k…
1.58E+18,"RT @akhmad_rusmadi: Dari Jogjakarta , utk Anies Baswedan ������������������ https://t.co/ivKsj3XI8w"
1.58E+18,"RT @tvOneNews: Forum Ka'bah Membangun, Siap Bawa Anies Baswedan Capres 2024 Pimpin Perubahan Indonesia https://t.co/RdTysPD6Iv"
1.58E+18,"RT @BosPurwa: #IndonesiaMemanggil 
5 Tahun Anies Baswedan memimpin DKI Jakarta dibanding dengan periode sebelumnya maka:

Lebih baik�Retwee…"
1.58E+18,"7 Potret Anies Baswedan Usai Tak Jadi Gubernur, Nomor 6 Mandikan Burung https://t.co/9DXJgQi2Na https://t.co/3iOA9DBN5G"
1.58E+18,@bawaslu_pku Siapp terimkaskh min
1.58E+18,"@Paltiwest https://t.co/ROuh00NaZk

di era ahok itu 70% tapi di anies 58% , udah kalah debat kinerja juga kalah , hadehh buzzer emg jago pura2 budek https://t.co/BLC85XFH2v"
1.58E+18,"RT @Relawananies: Untuk menjadikan Indonesia lebih baik, maka orang-orang baik harus mau terjun ke dunia politik.

Hal itu disampaikan Anie…"
1.58E+18,@bawaslu_pku Alhmdulillah
1.58E+18,"RT @intipseleb: 7 Potret Anies Baswedan Usai Tak Jadi Gubernur, Nomor 6 Mandikan Burung https://t.co/9DXJgQi2Na https://t.co/3iOA9DBN5G"
1.58E+18,@Mdy_Asmara1701 Bodo amattttt���� https://t.co/dG2mTY9usE
1.58E+18,"RT @BosPurwa: #IndonesiaMemanggil 
5 Tahun Anies Baswedan memimpin DKI Jakarta dibanding dengan periode sebelumnya maka:

Lebih baik�Retwee…"
1.58E+18,"RT @AntiCokroTV_: Menjawab tantangan Sekjen PDIP Hasto Kristiyanto, sebutkan 7 Prestasi Anies Baswedan.

@ajengcute16__ 

#PDIP #AniesBaswe…"
1.58E+18,@detikcom Insya Allah pak Anies Baswedan RI 1 2024 aamiin �
1.58E+18,RT @Sahrin84959845: Hadiah dari @karniilyas untuk Anies Baswedan yg telah berlaku adil terhadap seluruh masyarakat selama menjadi gubernur…
1.58E+18,@dewiirawan13 Wkwkw rombongan PKI yg benci pak Anies Baswedan presiden 2024 penyelamat bangsa mulai edit dan bully beliau utk adu domba
1.58E+18,"RT @musniumar: Anies Baswedan Dilepas Lautan manusia. Sebelum Anies berpidato, Ariza Patria berpidato. Anies ajak warga untuk menyanyi bers…"
1.58E+18,"RT @OposisiCerdas: Tak Mau Buru-buru Pilih Cawapres, Anies Baswedan: Waktunya Masih Panjang
https://t.co/ePMMABa42d"
1.58E+18,"RT @Relawananies: Kenduri Rakyat, Jarnas Anies Baswedan memggelar tumpengan dukung Anies Capres 2024

Kenduri Rakyat dilaksanakan serentak…"
1.58E+18,"Tentunya 99 % Rakyat indonesia sudah pasti mendukung bapak ex GUBERNUR DKI @aniesbaswedan menjadi Presiden RI 2024.

1% yg tidak mendukung biasanya Londo Ireng, Benalu Demokrasi, Buzzerp kelaparan dan kaum Zindiq �

#IndonesiaMemanggil
#JKWIngkarJanji https://t.co/SC6DpujiVl"
1.58E+18,PDIP menyindir deklarasi capres Anies Baswedan yang dilakukan Nasdem. https://t.co/4JYBwvqWZ5
1.58E+18,@AyaniMel Radikalisme anti Pancasila nggk mungkin di lawan Anies Baswedan malah di lindungi ko Anies gelontorkan hibah buat ormas"  4T lebih ..wadaaaaau
1.58E+18,"""Sebagai Ketum FPMM, saya mendukung Anies waktu Pilkada DKI Jakarta. Untuk Pilpres 2024, saya mendukung Anies lagi,"" ujar Umar Kei. #TempoNasional https://t.co/1cR3wIflFi"
1.58E+18,"RT @Mdy_Asmara1701: Anies Baswedan: Orang Baik Harus Mau Masuk Politik

#IndonesiaMemanggilAnies 
#AniesPresiden2024
https://t.co/FLcIk3lB08"
1.58E+18,"RT @Relawananies: Gelar Acara Dukungan, Warga Jateng Ingin Merasakan Dipimpin Anies Baswedan

https://t.co/mTfUjqv4L9"
1.58E+18,"@ekobigcity @pejuangnkri77 @aniesbaswedan @feryfarhati Insya Allah, Pak Anies Baswedan Presiden RI 2024, hanya kecurangan yang akan mengalahkan beliau"
1.58E+18,"RT @BosPurwa: #IndonesiaMemanggil 
5 Tahun Anies Baswedan memimpin DKI Jakarta dibanding dengan periode sebelumnya maka:

Lebih baik�Retwee…"
1.58E+18,"RT @musniumar: Anies Baswedan Dilepas Lautan manusia. Sebelum Anies berpidato, Ariza Patria berpidato. Anies ajak warga untuk menyanyi bers…"
1.58E+18,"RT @alisyarief: Partai Koalisi Pemerintah 82% suaranya di Parlemen (dari 7 partai). Saat Pencapresan, tak mau bersatu. Mereka ingin sendiri…"
1.58E+18,"RT @HelmiFelis_: Zaman Anies Baswedan rakyat sangat dimudahkan

Saking mudahnya rakyat tidak perlu datang, hanya ngadu lewat Hp atau RT set…"
1.58E+18,RT @aLy_Bima: Video ini hanya untuk orang yang belum tahu prestasi gubernur DKI jakarta bang anies baswedan � https://t.co/iO8tYUlXtu
1.58E+18,https://t.co/U3VJLKRuvo https://t.co/6XelqNtj8s
1.58E+18,@ResidentSammy @kurawa Lu aje kagak tau kriteria pembangunan mesjid mesti gimna????di Jakarta Udeh banyak mesjid mah cuma butuh renovasi yang Udeh di jalan kan Anies Baswedan
1.58E+18,"hanya pandai omdo  aja,kelebihan bayar dn php https://t.co/CO4RDpvc62"
1.58E+18,RT @kba_news: Aktivis: Anies Baswedan Jadikan Jakarta Maju seperti Kota di Eropa https://t.co/7ClSZ04jcN
1.58E+18,"RT @alisyarief: Partai Koalisi Pemerintah 82% suaranya di Parlemen (dari 7 partai). Saat Pencapresan, tak mau bersatu. Mereka ingin sendiri…"
1.58E+18,"RT @RomitsuT: Ada apa dengan Anies Baswedan ?
Ini baru pertama kali terjadi di Indonesia bahkan dunia ( maaf kalau saya salah ) , dimana pa…"
1.58E+18,"RT @VIVAcoid: Dimaki Pendemo di Depan Muka, Anies Baswedan Dipuji Warganet https://t.co/wBpv5MJoYH #trending"
1.58E+18,RT @Sahrin84959845: Hadiah dari @karniilyas untuk Anies Baswedan yg telah berlaku adil terhadap seluruh masyarakat selama menjadi gubernur…
1.58E+18,"RT @BosPurwa: #IndonesiaMemanggil 
5 Tahun Anies Baswedan memimpin DKI Jakarta dibanding dengan periode sebelumnya maka:

Lebih baik�Retwee…"
1.58E+18,"RT @Mdy_Asmara1701: Anies Baswedan: Orang Baik Harus Mau Masuk Politik

#IndonesiaMemanggilAnies 
#AniesPresiden2024
https://t.co/FLcIk3lB08"
1.58E+18,"RT @tvOneNews: Forum Ka'bah Membangun, Siap Bawa Anies Baswedan Capres 2024 Pimpin Perubahan Indonesia https://t.co/RdTysPD6Iv"
1.58E+18,"SBY-JK-Paloh Duduk Bareng, Mungkinkah Anies-AHY Segera Dideklarasikan?: Duduknya SBY, JK dan Surya Paloh dalam satu meja dengan Anies Baswedan dan Agus Harimurti Yudhoyono (AHY) memberi pesan politik bahwa keduanya akan segera dideklarasikan sebagai… https://t.co/pSWld6QwCb"
1.58E+18,"RT @bero_ari: Inilah toleransi semu ala Anies Baswedan. 
Mencatut nama org dan memalsukan tandatangan utk sbuah Piagam. 
Mohon bantu viralk…"
1.58E+18,"RT @MIlhamMukmin1: Tgl 30 Oktober silahkan merapat ke Yogyakarta......
https://t.co/OiJFAanvrP"
1.58E+18,@Muhammad_Saewad Fix ya serupa Anies BaswEDAN
1.58E+18,@HelmiFelis_ Gurbernur paling bodoh maksud loe����k3banyqkan 3mit Tai loe
1.58E+18,"RT @ocongBoyy: @Rizmaya__ orang ini beneran orang nya pak jokowi...kita liat dia di tarik sbg KaSetPres, saat pak jokowi gubernur dia menja…"
1.58E+18,@francmohede https://t.co/HbbTsyrdHA
1.58E+18,RT @aLy_Bima: Video ini hanya untuk orang yang belum tahu prestasi gubernur DKI jakarta bang anies baswedan � https://t.co/iO8tYUlXtu
1.58E+18,@bero_ari @June_dya77 @niluhdjelantik @Dennysiregar7 @dennysirregar7 @KrisyantoOni LAPORKAN PEMALSUAN KE POLDA
1.58E+18,"@alisyarief Itu kan mau lu Pak Tua..!! 
����."
1.58E+18,"@Kimberley_2022 Kerja kerja kerja
taulah
maksudnya
podo kae"
1.58E+18,"RT @Relawananies: Gelar Acara Dukungan, Warga Jateng Ingin Merasakan Dipimpin Anies Baswedan

https://t.co/mTfUjqv4L9"
1.58E+18,"RT @detikcom: #Foto Gubernur DKI Jakarta Anies Baswedan menghadiri acara perpisahannya di Balai Kota, Jakarta. Di atas panggung, Anies meny…"
1.58E+18,@kba_news https://t.co/gZctl26fpy
1.58E+18,"@kurawa Pantasan monyet² sdh ketakutan duluan dan merasa pasti kalah dr anies baswedan di pilpres 2024. Ternyata anies sangat populer di negeri ini.
https://t.co/M19rdRmGaj https://t.co/093Moszcg1"
1.58E+18,"RT @Ozil855282201: Warga kota Makassar menyambut pelepasan Gubernur DKI ANIES BASWEDAN, kini menjadi calon Presiden 2024-2029 dengan kelili…"
1.58E+18,"@detikcom Sindiran halus buat amis wkwkwkwk,artinya jangan buang2 anggaran utk para buzer balaikota."
1.58E+18,@OposisiCerdas Kadrun adalah antitesa cebong.  Dunia terbalik adalah punya kadrun mania.
1.58E+18,@HelmiFelis_ Kwek...kwek... https://t.co/M38Yj8Zs85
1.58E+18,"RT @tempodotco: Setelah 40 tahun, Gereja GPIB Pelita Jakarta akhirnya mendapat Bantuan Operasional Tempat Ibadah (BOTI) di bawah kepemimpin…"
1.58E+18,"RT @Ozil855282201: Warga kota Makassar menyambut pelepasan Gubernur DKI ANIES BASWEDAN, kini menjadi calon Presiden 2024-2029 dengan kelili…"
1.58E+18,@HelmiFelis_ Ngelapor langsung ke balaikota...disana kena "tai" ....episode ahok�
1.58E+18,@Relawananies Kasihan banget
1.58E+18,RT @aLy_Bima: Video ini hanya untuk orang yang belum tahu prestasi gubernur DKI jakarta bang anies baswedan � https://t.co/iO8tYUlXtu
1.58E+18,@humasjakfire @DKIJakarta @aniesbaswedan @ArizaPatria @dprddkijakarta Robotnya mana...sudah bertelur belum...ada musibah dikandangin ae...
1.58E+18,RT @aLy_Bima: Video ini hanya untuk orang yang belum tahu prestasi gubernur DKI jakarta bang anies baswedan � https://t.co/iO8tYUlXtu
1.58E+18,"izinkan foto ini yang bercerita
#IndonesiaMemanggilAnies https://t.co/Sb9RiKyjnv"
1.58E+18,"@politik_2024 Wow ada BaBilung...
#eh"
1.58E+18,"RT @BosPurwa: Sinyal Buat Koalisi #AK24

12 Oktoober 2022
Jenderal Andika Perkasa :
Saya belum pernah ketemu, blm komunikasi

14 Oktober 20…"
1.58E+18,RT @Sahrin84959845: Hadiah dari @karniilyas untuk Anies Baswedan yg telah berlaku adil terhadap seluruh masyarakat selama menjadi gubernur…
1.58E+18,"Hiduplah engkau dengankuuu...hiihiihiiii...dooor!!!
@fawzans10

Anies Baswedan Bocorkan Isi Pertemuan dengan Panglima TNI, Bahas Masa Depan?
https://t.co/aurDvG2zrI"
1.58E+18,"RT @detikcom: #Foto Gubernur DKI Jakarta Anies Baswedan menghadiri acara perpisahannya di Balai Kota, Jakarta. Di atas panggung, Anies meny…"
1.58E+18,"RT @bero_ari: Inilah toleransi semu ala Anies Baswedan. 
Mencatut nama org dan memalsukan tandatangan utk sbuah Piagam. 
Mohon bantu viralk…"
1.58E+18,The Nex PRESIDENT sukses selalu pak Anies Rasyid Baswedan pemimpin masa depan https://t.co/8EdWfPYw3B
1.58E+18,"Anies Baswedan  - Gubernur DKI Jakarta disambut meriah warga Jakarta untuk perpisahan dalam menunaikan tugasnya selama 5 tahun.
Penyambutan yang meriah sebagai bentuk penghargaan warganya atas kinerja #aniesbaswedan 
#AniesUntukIndonesia dan untuk #Papua https://t.co/j1OBoiD9Sd"
1.58E+18,"@sobat_anies Katong org Timur, khususnya di NTT siap mendukung BPK Anies Baswedan jadi presiden.���"
1.58E+18,"RT @BosPurwa: Sinyal Buat Koalisi #AK24

12 Oktoober 2022
Jenderal Andika Perkasa :
Saya belum pernah ketemu, blm komunikasi

14 Oktober 20…"
1.58E+18,"@BosPurwa Tuh nasiloe makan,,,duitnya anak bini loe di rumah dan kedunguan loe ya!! https://t.co/Pka9TG3Huy"
1.58E+18,@alisyarief Tertarik berkuasa dan memanfaatkan orang yang ambisius tapi ga bisa kerja
1.58E+18,"@detikcom Sebenernya same aje si,dulu ngahok diuber uber sunber waras ampe sewa dukun di kpk. Oposisi = berkuasa."
1.58E+18,Ketua Umum Partai Nasdem Surya Paloh menegaskan bahwa partainya siap menghadapi tantangan berupa fit #berita #menarik https://t.co/sLUyeJ6q1M
1.58E+18,@tvOneNews Awas kena diare lagi om
1.58E+18,"RT @tempodotco: Pemprov DKI berhasil mengatasi masalah transportasi, banjir, dan kemacetan bersama masyarakat, pakar, swasta, dan NGO. Sima…"
1.58E+18,"RT @PiakRaden: Untuk meramaikan Purnatugas Anies Baswedan, keluarga Dinas Penanaman Modal Satu Pintu DKI Jakarta di kerahkan ikut pawai..…"
1.58E+18,"RT @BosPurwa: #IndonesiaMemanggil 
5 Tahun Anies Baswedan memimpin DKI Jakarta dibanding dengan periode sebelumnya maka:

Lebih baik�Retwee…"
1.58E+18,@detikcom Coba tanya balik.... petugas partainya berapa realisasi janji kampanye yg begitu heroik itu?
1.58E+18,RT @BudiWaludin: @surasujaya Walaupun bukan pak Anies Baswedan lagi gubernur DKI tp perbuatan itu sangat tercela siapa yg nyuruh dan aneh d…
1.58E+18,@PiakRaden Biar ramai...��
1.58E+18,@alisyarief Gimana kabar beritanya ijazah palsunya presiden Jokowi kok sudah adem ayem padahal rakyat Indonesia menunggu postingan ijazah palsu milik presiden Jokowi atau jangan2 Ali baba takut masuk hotel � prodeo nemani Bambang Tri apa Ndak kasihan...
1.58E+18,@BosPurwa ��GOOD MORNING..MET PAGI..ZAO AN�� https://t.co/aSRJCxuz5Y
1.58E+18,@Mdy_Asmara1701 Caiirrr... dulu ama PS..  skrg ama AB... maju tak gentar membela yg bayaaaarrr
1.58E+18,RT @aLy_Bima: Video ini hanya untuk orang yang belum tahu prestasi gubernur DKI jakarta bang anies baswedan � https://t.co/iO8tYUlXtu
1.58E+18,"RT @detikcom: #Foto Gubernur DKI Jakarta Anies Baswedan menghadiri acara perpisahannya di Balai Kota, Jakarta. Di atas panggung, Anies meny…"
1.58E+18,"RT @BosPurwa: #IndonesiaMemanggil 
5 Tahun Anies Baswedan memimpin DKI Jakarta dibanding dengan periode sebelumnya maka:

Lebih baik�Retwee…"
1.58E+18,"Gelar Acara Dukungan, Warga Jateng Ingin Merasakan Dipimpin Anies Baswedan |
Jokowi Gubernur Cebong Wuhan Rektor Ferdy Sambo Amanda Zahra Gavi Semoga 2025 World War #IndonesiaMemanggil #BallonDor #2024GoodbyePDIP #JKWIngkarJanji #AniesPresiden2024  https://t.co/zeMDR1rdY8"
1.58E+18,RT @asboediono_id: Orang ini nampaknya lupa kalau Jakarta itu sudah berubah dibandingkan Jakarta sebelum diubah oleh sebuah Kenyataan Nyata…
1.58E+18,"RT @ridhorahadi: @M45Broo_ Abaikan cebong kupret BuzzeRp biar berobat ke RS ODGJ dulu, fokus mengawal pak Anies Baswedan menuju istana deng…"
1.58E+18,"RT @machbeach: Jogja, kandang Ganjar sdh tergerus oleh Anies Baswedan https://t.co/J1mXkF35Ex"
1.58E+18,I'm so proud of the former governor Anies Baswedan!! Thanks for your hard work. �� https://t.co/iklovM5T2N
1.58E+18,"RT @SuwandaBen: @Dj_Bams74 @Asepbar84011121 Burhanuddin Muhtadi, M.A., Ph.D
Direktur Eksekutif IPI

Kalau teori pendulum itu berlaku sampai…"
1.58E+18,@ShamsiAli2 @MS_Didu @ReflyHZ Maklum aja dua-duanya Pecatan mau gimana lagi
1.58E+18,RT @kba_news: Aktivis: Anies Baswedan Jadikan Jakarta Maju seperti Kota di Eropa https://t.co/7ClSZ04jcN
1.58E+18,"@AntiCokroTV_ @ajengcute16__ Cukup Jakarta saja,di Jakarta saja jarang yang menyapa atau meminta foto"
1.58E+18,"RT @BosPurwa: #IndonesiaMemanggil 
5 Tahun Anies Baswedan memimpin DKI Jakarta dibanding dengan periode sebelumnya maka:

Lebih baik�Retwee…"
1.58E+18,@Iriandi19 @kurawa itu sih cm alasan krn FAKTANYA tidak ada satupun masjid yg dibangun... masa kalah sm gubernur kafir siiiih.. hadeuuh �
1.58E+18,@democrazymedia https://t.co/0IsS4NY2Rm
1.58E+18,@HelmiFelis_ Tq..pak heru menbuka meja pengaduan kayak ahok lagi..kami selama ini byk ditindas&amp;terzolimi ama si arab yaman ini..tq
1.58E+18,RT @aLy_Bima: Video ini hanya untuk orang yang belum tahu prestasi gubernur DKI jakarta bang anies baswedan � https://t.co/iO8tYUlXtu
1.58E+18,"RT @tempodotco: Setelah 40 tahun, Gereja GPIB Pelita Jakarta akhirnya mendapat Bantuan Operasional Tempat Ibadah (BOTI) di bawah kepemimpin…"
1.58E+18,"RT @BosPurwa: Sinyal Buat Koalisi #AK24

12 Oktoober 2022
Jenderal Andika Perkasa :
Saya belum pernah ketemu, blm komunikasi

14 Oktober 20…"
1.58E+18,"UP Lagi, buat @66Hasto COCOT TV  @cokro_tv 
Thanks ya Jeng..... kamu bener2 bikin Jengkel si Hasto https://t.co/ZZvP5776vg"
1.58E+18,"RT @DoankWarto: PMI kok ikut ikutan MAIN POLITIK galang dukungan Anies Baswedan !!!
Siapa ini dalangnya ?
Apakah dana PMI untuk kegiatan po…"
1.58E+18,@Mdy_Asmara1701 Kwek...kwek.. https://t.co/187qOrcm2r
1.58E+18,@HelmiFelis_ Betul sekali pak udah canggih pakai Dateng ke balai kota kan SDH ada aplikasi dan rt
1.58E+18,"@tempodotco Pak anies calon terkuat, tito jadi gentar"
1.58E+18,RT @aLy_Bima: Video ini hanya untuk orang yang belum tahu prestasi gubernur DKI jakarta bang anies baswedan � https://t.co/iO8tYUlXtu
1.58E+18,"RT @democrazymedia: Wow! Warga Jateng Gelar Acara Dukungan, Ingin Merasakan Dipimpin Anies Baswedan
https://t.co/chbi84B7uj"
1.58E+18,"RT @alisyarief: Partai Koalisi Pemerintah 82% suaranya di Parlemen (dari 7 partai). Saat Pencapresan, tak mau bersatu. Mereka ingin sendiri…"
1.58E+18,"RT @RikeSants: Ironi Kereta Cepat: Ngotot Diklaim B to B, Tapi Pakai Duit APBN

Sepertinya kerja Anies Baswedan tidak akan ringan saat menj…"
1.58E+18,"Dekati Andika Perkasa, Anies Baswedan Ternyata Kirimkan Sinyal Perlawanan! https://t.co/qdVoMumnHG"
1.58E+18,"RT @OposisiCerdas: Gelar Acara Dukungan, Warga Jateng Ingin Merasakan Dipimpin Anies Baswedan
https://t.co/3TRPHBrT8d"
1.58E+18,Ketika Anies Baswedan Buka Suara Usai Diusung Nasdem: Orang Tak Bermasalah Masuk Politik Harus Didukung https://t.co/olha91TSbt
1.58E+18,"RT @Relawananies: Untuk menjadikan Indonesia lebih baik, maka orang-orang baik harus mau terjun ke dunia politik.

Hal itu disampaikan Anie…"
1.58E+18,"RT @Relawananies: Kenduri Rakyat, Jarnas Anies Baswedan memggelar tumpengan dukung Anies Capres 2024

Kenduri Rakyat dilaksanakan serentak…"
1.58E+18,"RT @HelmiFelis_: Zaman Anies Baswedan rakyat sangat dimudahkan

Saking mudahnya rakyat tidak perlu datang, hanya ngadu lewat Hp atau RT set…"
1.58E+18,"RT @geloraco: Gelar Acara Dukungan, Warga Jateng Ingin Merasakan Dipimpin Anies Baswedan
https://t.co/zBOCm4Ltvn"
1.58E+18,"RT @Relawananies: Gelar Acara Dukungan, Warga Jateng Ingin Merasakan Dipimpin Anies Baswedan

https://t.co/mTfUjqv4L9"
1.58E+18,@aLy_Bima Prestasu https://t.co/GVFFNujY28
1.58E+18,"@alisyarief Berharap, ternyata koalisi super alot krn penuh kepentingan oligarki. Anis pun terancam hanya sampai bacapres. Syarat pencapresan PT 20% sulit terpenuhi���"
1.58E+18,"RT @BosPurwa: Sinyal Buat Koalisi #AK24

12 Oktoober 2022
Jenderal Andika Perkasa :
Saya belum pernah ketemu, blm komunikasi

14 Oktober 20…"
1.58E+18,"RT @BosPurwa: #IndonesiaMemanggil 
5 Tahun Anies Baswedan memimpin DKI Jakarta dibanding dengan periode sebelumnya maka:

Lebih baik�Retwee…"
1.58E+18,"@HelmiFelis_ Masih merasa herman... Eh heran, masih ada aja yang bela mati²an gubernur terbodoh"
1.58E+18,@dwioktariyadi Naik kelas berarti. Dulu loper
1.58E+18,Forum relawan pendukung Anies Baswedan di Sulawesi Tengah (Sulteng) menyatakan kesiapannya dalam memenangkan Anies Baswedan pada Pemilihan Presiden Tahun 2024. https://t.co/tzYfjxcPT7
1.58E+18,Forum relawan pendukung Anies Baswedan di Sulawesi Tengah (Sulteng) menyatakan kesiapannya dalam memenangkan Anies Baswedan pada Pemilihan Presiden Tahun 2024. https://t.co/Rfek2HdlEZ
1.58E+18,"RT @geloraco: Gelar Acara Dukungan, Warga Jateng Ingin Merasakan Dipimpin Anies Baswedan
https://t.co/zBOCm4Ltvn"
1.58E+18,RT @aLy_Bima: Video ini hanya untuk orang yang belum tahu prestasi gubernur DKI jakarta bang anies baswedan � https://t.co/iO8tYUlXtu
1.58E+18,@aLy_Bima Jakarta ada 5 wilayah yakin sudah merata..
1.58E+18,"RT @detikcom: #Foto Gubernur DKI Jakarta Anies Baswedan menghadiri acara perpisahannya di Balai Kota, Jakarta. Di atas panggung, Anies meny…"
1.58E+18,"RT @radaraktual: Puji Kinerja Anies Baswedan, Mendagri: InsyaAllah Dapat Pahala Berlimpah https://t.co/GNwlOp4OAC"
1.58E+18,"RT @HelmiFelis_: Selesai tugas aja banyak kota yang warganya bersimpati pada Anies Baswedan mereka turun kejalan

Bagaimana nanti kampanye?…"
1.58E+18,RT @aLy_Bima: Video ini hanya untuk orang yang belum tahu prestasi gubernur DKI jakarta bang anies baswedan � https://t.co/iO8tYUlXtu
1.58E+18,RT @papuamuslim95: Seluruh kepala suku  adat Papua dan Papua barat pastikan Kemenangan Anies Baswedan di pilpres 2024. Dn Batalkan DOB Papu…
1.58E+18,"RT @machbeach: Jogja, kandang Ganjar sdh tergerus oleh Anies Baswedan https://t.co/J1mXkF35Ex"
1.58E+18,RT @radaraktual: Anies Baswedan Tak Menduga Ribuan Warga Jakarta Hadiri Perpisahan Dirinya https://t.co/20EjHPqfWt
1.58E+18,"RT @ridhorahadi: @M45Broo_ We all wish goodness from a good person like Anies Baswedan, don't just wait and let him fight alone for your fu…"
1.58E+18,Jalan Beda Heru Budi dan Anies Baswedan di Jakarta https://t.co/FuKJdmSapQ
1.58E+18,@BosPurwa Ada yang mau koment silahkan...??? https://t.co/vGGn9tkkup
1.58E+18,RT @Sahrin84959845: Hadiah dari @karniilyas untuk Anies Baswedan yg telah berlaku adil terhadap seluruh masyarakat selama menjadi gubernur…
1.58E+18,"RT @Ozil855282201: Warga kota Makassar menyambut pelepasan Gubernur DKI ANIES BASWEDAN, kini menjadi calon Presiden 2024-2029 dengan kelili…"
1.58E+18,"@Karinbahary2 @TeddGus Masak sampah.. cuitan lue yg sampah isinya cuma menghujat pengkritik.. kau jawab dong..kenapa adapanggung, kenapa ada pengerahan massa, kenapa ada bagi2 nasi bungkus.. kenapa lainnya drun ?? Belum berkuasa aja kau caci maki pengkritik..dasar kadrun kurab kau"
1.58E+18,RT @kba_news: Aktivis: Anies Baswedan Jadikan Jakarta Maju seperti Kota di Eropa https://t.co/7ClSZ04jcN
1.58E+18,"RT @OposisiCerdas: Gelar Acara Dukungan, Warga Jateng Ingin Merasakan Dipimpin Anies Baswedan
https://t.co/3TRPHBrT8d"
1.58E+18,"RT @GunRomli: Bapak Christoforus Rea (Tokoh Ummat Katolik) namanya dicatut untuk gelar 'Bapak Toleransi Beragama' unt Anies Baswedan.

Dia…"
1.58E+18,RT @humasjakfire: Ucapan terima kasih Satriadi Gunawan selaku Kepala Dinas Penanggulangan Kebakaran dan Penyelamatan Provinsi DKI Jakarta k…
1.58E+18,"RT @tempodotco: ""Tidak ringan permasalahan di Jakarta, sangat kompleks sekali. Tapi Bapak (Anies) bisa menyelesaikan,"" ujar Mendag Tito Kar…"
1.58E+18,"@tempodotco Kenapa disaat Last Lap �� 
#Pencitraan ✍️"
1.58E+18,"RT @bero_ari: Toleransi semu dan palsu ala Anies Baswedan. Mncatut nama org dan palsukan tandatangan utk sbuah piagam. Palsu nan tengik!.
V…"
1.58E+18,@NewsJerami Dengki
1.58E+18,@Relawananies Dobol Jaran Kadrun pakai rompi
1.58E+18,"RT @geloraco: Gelar Acara Dukungan, Warga Jateng Ingin Merasakan Dipimpin Anies Baswedan
https://t.co/zBOCm4Ltvn"
1.58E+18,"RT @tvOneNews: Sesepuh Golkar Akbar Tanjung, Tegas! Tak Dukung Anies Baswedan di Pilpres 2024 https://t.co/NMJrrLJWcX"
1.58E+18,Anies Baswedan Ungkap 3 Kriteria Sosok Cawapresnnya https://t.co/9Nk70jDgPD
1.58E+18,"RT @OposisiCerdas: Gelar Acara Dukungan, Warga Jateng Ingin Merasakan Dipimpin Anies Baswedan
https://t.co/3TRPHBrT8d"
1.58E+18,@OposisiCerdas bagi rata kuponnya https://t.co/FAk9hE4F5M
1.58E+18,"RT @BosPurwa: #IndonesiaMemanggil 
5 Tahun Anies Baswedan memimpin DKI Jakarta dibanding dengan periode sebelumnya maka:

Lebih baik�Retwee…"
1.58E+18,RT @kba_news: Aktivis: Anies Baswedan Jadikan Jakarta Maju seperti Kota di Eropa https://t.co/7ClSZ04jcN
1.58E+18,@Mdy_Asmara1701 https://t.co/ey1Jv0Loo8
1.58E+18,"RT @RomitsuT: Ada apa dengan Anies Baswedan ?
Ini baru pertama kali terjadi di Indonesia bahkan dunia ( maaf kalau saya salah ) , dimana pa…"
1.58E+18,"RT @OposisiCerdas: Kamhar Lakumani Sebut Anies Baswedan Sudah Penuhi Janji Kampanye Tanpa Masuk Gorong-gorong
https://t.co/WNo93Kzpyn"
1.58E+18,"RT @Relawananies: Kenduri Rakyat, Jarnas Anies Baswedan memggelar tumpengan dukung Anies Capres 2024

Kenduri Rakyat dilaksanakan serentak…"
1.58E+18,@Relawananies Horee.... Jakarta sudah buang hajat. https://t.co/qDnOhjPFL2
1.58E+18,"RT @BosPurwa: #IndonesiaMemanggil 
5 Tahun Anies Baswedan memimpin DKI Jakarta dibanding dengan periode sebelumnya maka:

Lebih baik�Retwee…"
1.58E+18,"RT @Relawananies: Ratusan nelayan di Indramayu deklarasi dukung Anies Baswedan Presiden 2024, (16/10). https://t.co/g5VluXoWYr"
1.58E+18,"RT @BosPurwa: #IndonesiaMemanggil 
5 Tahun Anies Baswedan memimpin DKI Jakarta dibanding dengan periode sebelumnya maka:

Lebih baik�Retwee…"
1.58E+18,Cuma 2 perahu ngakunya ratusan... https://t.co/Xpfp1blb0y
1.58E+18,@aLy_Bima Hewan piaraan bermunculan krn panik dan kepanasan takut ga kebagian sisa makanan yg sdh habis dibuang sang majikan di jamban ���
1.58E+18,"RT @BosPurwa: #IndonesiaMemanggil 
5 Tahun Anies Baswedan memimpin DKI Jakarta dibanding dengan periode sebelumnya maka:

Lebih baik�Retwee…"
1.58E+18,@detikcom Nasi pecel udh kebagian semua ?
1.58E+18,"@RikeSants Siapapun yg jadi presiden yang akan datang capee deh.
Bayar utang...full konflik...mensiunkan BuzzeRp...hadehhhh 
Ruwet deh ruwet."
1.58E+18,"RT @bero_ari: Inilah toleransi semu ala Anies Baswedan. 
Mencatut nama org dan memalsukan tandatangan utk sbuah Piagam. 
Mohon bantu viralk…"
1.58E+18,RT @kba_news: Aktivis: Anies Baswedan Jadikan Jakarta Maju seperti Kota di Eropa https://t.co/7ClSZ04jcN
1.58E+18,RT @caul_tanjung: https://t.co/mgFZDcEHAG https://t.co/zrXj4lzMcV
1.58E+18,@HelmiFelis_ hebat EO-nya
1.58E+18,@BosPurwa Wkwk KELEBIHAN BAYARRAANNYA MANAAA KEMANA MIN MAKSAAINN BANGET SEH
1.58E+18,RT @aLy_Bima: Video ini hanya untuk orang yang belum tahu prestasi gubernur DKI jakarta bang anies baswedan � https://t.co/iO8tYUlXtu
1.58E+18,"@tvOneNews Bepolitik bawa simbol Agama sebiknya dikurangi, takutnya , takutnya..nanti kalo ada lawan pilitik dinggap salah komen yang dilporkan bukan dari segi Pilitiknya tapi dari segi agamanya, ada penistaan dsb.
Jadi rame yang tidak ngerti pilitik ikut demo berjilid..jilid.."
1.58E+18,"RT @Relawananies: Gelar Acara Dukungan, Warga Jateng Ingin Merasakan Dipimpin Anies Baswedan

https://t.co/mTfUjqv4L9"
1.58E+18,@Usuludin321 Penjilat Anies akan eksploitas apa saja. Apkh tega Anies membiarkan?
1.58E+18,"RT @studiyanto: Ini di Pusat Kota Semarang, Jawa tengah, sekumpulan warga  mendukung Anies Baswedan, Previous Mayor of Jakarta, untuk Menja…"
1.58E+18,"RT @Mdy_Asmara1701: Kenduri Rakyat, Jarnas Anies Baswedan Yogyakarta Gelar Tumpengan Dukung Anies Capres 2024

#IndonesiaMemanggil
#Indones…"
1.58E+18,"RT @maspiyuaja: Bersepeda dari Rumah, Anies Baswedan Tiba di Balai Kota Disambut Ribuan Massa, Teriakan 'Presiden' Menggema https://t.co/f4…"
1.58E+18,"RT @alisyarief: Partai Koalisi Pemerintah 82% suaranya di Parlemen (dari 7 partai). Saat Pencapresan, tak mau bersatu. Mereka ingin sendiri…"
1.58E+18,"RT @radaraktual: Puji Kinerja Anies Baswedan, Mendagri: InsyaAllah Dapat Pahala Berlimpah https://t.co/GNwlOp4OAC"
1.58E+18,"@deditelaumbanu4 Laporkan dong k kpk klu ada bukti, jng koar d medsos doang  �
Ngopi pak biar ga stres mikirin pak anies baswedan � https://t.co/Ke6UehqDtZ"
1.58E+18,RT @radaraktual: Anies Baswedan Tak Menduga Ribuan Warga Jakarta Hadiri Perpisahan Dirinya https://t.co/20EjHPqfWt
1.58E+18,"@FerdinandHutah5 @DKIJakarta Titipan kacung
Bukan pilihan warga jakarta"
1.58E+18,"RT @Relawananies: Dari Papua khusus bertemu Anies di acara perpisahan.

Anies Baswedan bukan hanya milik Jakarta tapi Indonesia. https://t.…"
1.58E+18,@HelmiFelis_ Lucuan mana sama ini? https://t.co/RaPHMRyQIW
1.58E+18,"RT @BosPurwa: #IndonesiaMemanggil 
5 Tahun Anies Baswedan memimpin DKI Jakarta dibanding dengan periode sebelumnya maka:

Lebih baik�Retwee…"
1.58E+18,@dwioktariyadi Ternyata @musniumar adalah agen ganda..yg d susupkan sjak perang dingin..@aniesbaswedan harap hati hati
1.58E+18,@ShamsiAli2 @MS_Didu @ReflyHZ Manusia pecatan ... Saat imi mengais nafkah dengan modal kekecewaan.
1.58E+18,"RT @studiyanto: Ini di Pusat Kota Semarang, Jawa tengah, sekumpulan warga  mendukung Anies Baswedan, Previous Mayor of Jakarta, untuk Menja…"
1.58E+18,"@HelmiFelis_ Masih percaya sama penghargaan² yang diterima wan ambruk? 
Kalo kadrun sih pasti percaya aja... Kan seiman https://t.co/0FntXCFOo0"
1.58E+18,@alisyarief Apakah arus bawah gerindra berbelok ke anies? Sebuah hal yang sangat menarik untuk di amati dan analisis secara politik
1.58E+18,Jalan Beda Heru Budi dan Anies Baswedan di Jakarta https://t.co/AHwNqMX2gq
1.58E+18,"RT @JarnasABWBpn: Saatnya dukung Anies Baswedan 

#IndonesiaMemanggil 
#SudahSaatnyaAnies 
#SudahSaatnya
#WisWayahe https://t.co/nJbVALOHw2"
1.58E+18,@ChusnulCh__ YANG NGIBUL ITU ELU.... https://t.co/YWLaJv4NEV
1.58E+18,"RT @BosPurwa: #IndonesiaMemanggil 
5 Tahun Anies Baswedan memimpin DKI Jakarta dibanding dengan periode sebelumnya maka:

Lebih baik�Retwee…"
1.58E+18,"RT @Relawananies: Ratusan nelayan di Indramayu deklarasi dukung Anies Baswedan Presiden 2024, (16/10). https://t.co/g5VluXoWYr"
1.58E+18,"RT @alisyarief: Partai Koalisi Pemerintah 82% suaranya di Parlemen (dari 7 partai). Saat Pencapresan, tak mau bersatu. Mereka ingin sendiri…"
1.58E+18,"@alisyarief Klo PPP ngotot ngekor parte koalisi KIB sepertinya pemilu terakhir mereka bakal dapat suara DPR RI, jadi ini langkah baik untuk kemandirian parte mengikuti suara rakyat konstituennya."
1.58E+18,@alisyarief Awas ada Give away baju Shopee � https://t.co/OrQr5hDzFq
1.58E+18,"Mau Jadi Pendamping Anies Baswedan di Pilpres 2024? Ini Tiga Kriteria yang Disodorkan Anies Baswedan
 
https://t.co/y1s6xvURjA"
1.58E+18,"RT @Relawananies: Untuk menjadikan Indonesia lebih baik, maka orang-orang baik harus mau terjun ke dunia politik.

Hal itu disampaikan Anie…"
1.58E+18,"RT @bero_ari: Inilah toleransi semu ala Anies Baswedan. 
Mencatut nama org dan memalsukan tandatangan utk sbuah Piagam. 
Mohon bantu viralk…"
1.58E+18,"RT @Ozil855282201: Luar biasa, masyarakat Purwakarta menyambut calon Presiden 2024-2029 ... Mas ANIES BASWEDAN ✊✊✊✊✊ https://t.co/5r18r7m0Km"
1.58E+18,RT @papuamuslim95: Seluruh kepala suku  adat Papua dan Papua barat pastikan Kemenangan Anies Baswedan di pilpres 2024. Dn Batalkan DOB Papu…
1.58E+18,"RT @AulyaSagar: Valid tiap hr qu bca fitnahan dan caci maki di Tl. Buat Anies Baswedan
Smg ALLAH SWT slalu melancarkan urusan org² baik di…"
1.58E+18,"RT @FirmanOriIndo: Anies Baswedan Bangsat buat jakarta berantakan
Kepulauan Bangka Belitung

#AniesNasdemOut #TenggelamkanNasdem #Tenggelam…"
1.58E+18,RT @papuamuslim95: Seluruh kepala suku  adat Papua dan Papua barat pastikan Kemenangan Anies Baswedan di pilpres 2024. Dn Batalkan DOB Papu…
1.58E+18,Abis ini Metro TV bangga2in Anies Baswedan deh ☺️
1.58E+18,"RT @FirmanOriIndo: Brengsek Anies Baswedan gak bisa kerja, sekarang malah mau nyapres
Kepulauan Bangka Belitung

#AniesNasdemOut #Tenggelam…"
1.58E+18,"RT @FirmanOriIndo: Masyarakat telah muak melihat drama Anies Baswedan tolol
Kepulauan Bangka Belitung

#AniesNasdemOut #TenggelamkanNasdem…"
1.58E+18,"RT @HelmiFelis_: Sejak kemarin Anies Baswedan bukan lagi Gubernur Indonesia

Anies Baswedan telah menjelma menjadi Gubernur Dunia.!!

#Indo…"
1.58E+18,@OposisiCerdas itu CFD nebeng aja Anies
1.58E+18,"RT @bero_ari: Toleransi semu dan palsu ala Anies Baswedan. Mncatut nama org dan palsukan tandatangan utk sbuah piagam. Palsu nan tengik!.
V…"
1.58E+18,"RT @FirmanOriIndo: Anies Baswedan munafik ingkar janji kepada rakyat
Kepulauan Bangka Belitung

#AniesNasdemOut #TenggelamkanNasdem #Tengge…"
1.58E+18,RT @humasjakfire: Ucapan terima kasih Satriadi Gunawan selaku Kepala Dinas Penanggulangan Kebakaran dan Penyelamatan Provinsi DKI Jakarta k…
1.58E+18,"RT @tvOneNews: Hapus Keraguan dengan Anies Baswedan, The Jakmania: Terima Kasih Sudah Menjadi Bapak Kami, Terima Kasih Stadionnya https://t…"
1.58E+18,"RT @FirmanOriIndo: Tak tahu malu Anies Baswedan gagal urus Jakarta Malah mau nyapres
Kepulauan Bangka Belitung

#AniesNasdemOut #Tenggelamk…"
1.58E+18,https://t.co/MTANg2ZI8w https://t.co/bQtGwE6ANI
1.58E+18,"RT @FirmanOriIndo: Masyarakat Jakarta telah muak dengan Pembodohan publik yang dilakukan Anies Baswedan
Kepulauan Bangka Belitung

#AniesNa…"
1.58E+18,RT @papuamuslim95: Seluruh kepala suku  adat Papua dan Papua barat pastikan Kemenangan Anies Baswedan di pilpres 2024. Dn Batalkan DOB Papu…
1.58E+18,"RT @FirmanOriIndo: Selama menjabat Anies Baswedan tidak berkontribusi terhadap Jakarta
Kepulauan Bangka Belitung

#AniesNasdemOut #Tenggela…"
1.58E+18,Helmi peli...s  ingat ye  peringatan bajir  yang menghabiskan APBD DKI  TOA itu manual apa digital ? https://t.co/d1iqdBQosV
1.58E+18,"RT @FirmanOriIndo: Anies Baswedan mulai berdrama untuk membohongi masyarakat
Kepulauan Bangka Belitung

#AniesNasdemOut #TenggelamkanNasdem…"
1.58E+18,"RT @MIlhamMukmin1: Tgl 30 Oktober silahkan merapat ke Yogyakarta......
https://t.co/OiJFAanvrP"
1.58E+18,"RT @FirmanOriIndo: Janji Anies Baswedan menjadi jancuk
Kepulauan Bangka Belitung

#AniesNasdemOut #TenggelamkanNasdem #TenggelamkanAniesNas…"
1.58E+18,"RT @GunRomli: Bapak Christoforus Rea (Tokoh Ummat Katolik) namanya dicatut untuk gelar 'Bapak Toleransi Beragama' unt Anies Baswedan.

Dia…"
1.58E+18,"RT @FirmanOriIndo: Anies Baswedan bangsat janji kau tidak kau tepati
Kepulauan Bangka Belitung

#AniesNasdemOut #TenggelamkanNasdem #Tengge…"
1.58E+18,"RT @OposisiCerdas: Gelar Acara Dukungan, Warga Jateng Ingin Merasakan Dipimpin Anies Baswedan
https://t.co/3TRPHBrT8d"
1.58E+18,"RT @FirmanOriIndo: Anies Baswedan hanya bisa bicara omong kosong tidak bisa bekerja
Kepulauan Bangka Belitung

#AniesNasdemOut #Tenggelamka…"
1.58E+18,RT @kba_news: Aktivis: Anies Baswedan Jadikan Jakarta Maju seperti Kota di Eropa https://t.co/7ClSZ04jcN
1.58E+18,"RT @OposisiCerdas: Kamhar Lakumani Sebut Anies Baswedan Sudah Penuhi Janji Kampanye Tanpa Masuk Gorong-gorong
https://t.co/WNo93Kzpyn"
1.58E+18,Surya Paloh Optimistis NasDem dengan Anies Baswedan Akan Terjalin Kerja Sama Saling Menguntungkan https://t.co/ktD9VNnWRP
1.58E+18,"RT @FirmanOriIndo: Memalukan niat Anies Baswedan mau perpisahan malah dimaki masyarakat
Kepulauan Bangka Belitung

#AniesNasdemOut #Tenggel…"
1.58E+18,@detikcom Syukurlah uang rakyat tdk dibuang percuma dg adanya tgupp..
1.58E+18,"RT @FirmanOriIndo: Selama 5 tahun Jakarta dijajah oleh Anies Baswedan hingga Jakarta tenggelam
Kepulauan Bangka Belitung

#AniesNasdemOut #…"
1.58E+18,"RT @Relawananies: Membenahi ibukota negara telah usai, sekarang saatnya membenahi Indonesia secara keseluruhan. 

5 tahun memimpin di Jakar…"
1.58E+18,"RT @FirmanOriIndo: Janji jancuk Anies Baswedan yang membohongi rakyat
Kepulauan Bangka Belitung

#AniesNasdemOut #TenggelamkanNasdem #Tengg…"
1.58E+18,"Apakah Anies Baswedan itu terbaik ini bisa jd perdebatan,RK jg baik,TGB jg baik,tp ada hal yg ga bisa dihitung matematis yaitu kharisma, pilihan yg membandingkan dg pemerintahan skrg itu LBH fair,kt hrs belajar LG demokrasi tanpa caci maki, mengkritisi kebijakan BKN personal"
1.58E+18,"RT @alisyarief: Partai Koalisi Pemerintah 82% suaranya di Parlemen (dari 7 partai). Saat Pencapresan, tak mau bersatu. Mereka ingin sendiri…"
1.58E+18,RT @JarnasABW: Relawan JARNAS di seluruh Indonesia bergerak dan bergembira menyambut purna tugas Anies Baswedan sbg gubernur Jakarta dan si…
1.58E+18,RT @aLy_Bima: Video ini hanya untuk orang yang belum tahu prestasi gubernur DKI jakarta bang anies baswedan � https://t.co/iO8tYUlXtu
1.58E+18,"RT @FirmanOriIndo: Hati nurani Anies Baswedan telah mati, di saat Jakarta berduka dia sibuk deklarasi
Kepulauan Bangka Belitung

#AniesNasd…"
1.58E+18,RT @aLy_Bima: Video ini hanya untuk orang yang belum tahu prestasi gubernur DKI jakarta bang anies baswedan � https://t.co/iO8tYUlXtu
1.58E+18,"RT @Relawananies: Gelar Acara Dukungan, Warga Jateng Ingin Merasakan Dipimpin Anies Baswedan

https://t.co/mTfUjqv4L9"
1.58E+18,"RT @Relawananies: Ratusan nelayan di Indramayu deklarasi dukung Anies Baswedan Presiden 2024, (16/10). https://t.co/g5VluXoWYr"
1.58E+18,"RT @Mdy_Asmara1701: MasyaAllah...
Disambut meriah oleh warga Jakarta �

Terima kasih pak Anies Baswedan. Semoga sehat selalu dan senantiasa…"
1.58E+18,"@alisyarief Apa yg bisa di banggakan dari anies...

Sebagus apa pun anies hanya akan membuat ke gaduhan karena politik identitas tidak bisa lepas dari dirunya...

Anies dikelilingi ormas radikal dan premanisme juga oligarki itu real...

Jadi alangkah bodohnya kita mempertaruhkan NKRI.."
1.58E+18,"RT @studiyanto: Ini di Pusat Kota Semarang, Jawa tengah, sekumpulan warga  mendukung Anies Baswedan, Previous Mayor of Jakarta, untuk Menja…"
1.58E+18,"RT @machbeach: Jogja, kandang Ganjar sdh tergerus oleh Anies Baswedan https://t.co/J1mXkF35Ex"
1.58E+18,"RT @MIlhamMukmin1: Tgl 30 Oktober silahkan merapat ke Yogyakarta......
https://t.co/OiJFAanvrP"
1.58E+18,"RT @Relawananies: Ratusan nelayan di Indramayu deklarasi dukung Anies Baswedan Presiden 2024, (16/10). https://t.co/g5VluXoWYr"
1.58E+18,"RT @BosPurwa: #IndonesiaMemanggil 
5 Tahun Anies Baswedan memimpin DKI Jakarta dibanding dengan periode sebelumnya maka:

Lebih baik�Retwee…"
1.58E+18,RT @aLy_Bima: Video ini hanya untuk orang yang belum tahu prestasi gubernur DKI jakarta bang anies baswedan � https://t.co/iO8tYUlXtu
1.58E+18,"RT @GunRomli: Bapak Christoforus Rea (Tokoh Ummat Katolik) namanya dicatut untuk gelar 'Bapak Toleransi Beragama' unt Anies Baswedan.

Dia…"
1.58E+18,@CNNIndonesia Bedalah yang satu dipilih rakyat yg satunya LG di tunjuk cukong
1.58E+18,"RT @Relawananies: Untuk menjadikan Indonesia lebih baik, maka orang-orang baik harus mau terjun ke dunia politik.

Hal itu disampaikan Anie…"
1.58E+18,"RT @alisyarief: Partai Koalisi Pemerintah 82% suaranya di Parlemen (dari 7 partai). Saat Pencapresan, tak mau bersatu. Mereka ingin sendiri…"
1.58E+18,"RT @OposisiCerdas: Anies Baswedan Tak Menyangka Ribuan masyarakat Jakarta Hadiri Momen Perpisahannya
https://t.co/yGqXN72Ab1"
1.58E+18,"RT @Relawananies: Ratusan nelayan di Indramayu deklarasi dukung Anies Baswedan Presiden 2024, (16/10). https://t.co/g5VluXoWYr"
1.58E+18,@aLy_Bima Luar biasa
1.58E+18,RT @ShamsiAli2: https://t.co/LhMuNfE5Sr
1.58E+18,"RT @studiyanto: Ini di Pusat Kota Semarang, Jawa tengah, sekumpulan warga  mendukung Anies Baswedan, Previous Mayor of Jakarta, untuk Menja…"
1.58E+18,"RT @AntiCokroTV_: Anies Baswedan, From DKI Jakarta To Indonesia!! 

@ajengcute16__ 

#aniesbaswedan #jakarta #indonesia https://t.co/Lz3DSn…"
1.58E+18,@machbeach Wahhh...aneksasi itu �����
1.58E+18,"RT @tempodotco: Setelah 40 tahun, Gereja GPIB Pelita Jakarta akhirnya mendapat Bantuan Operasional Tempat Ibadah (BOTI) di bawah kepemimpin…"
1.58E+18,"RT @GunRomli: Bapak Christoforus Rea (Tokoh Ummat Katolik) namanya dicatut untuk gelar 'Bapak Toleransi Beragama' unt Anies Baswedan.

Dia…"
1.58E+18,"RT @Mdy_Asmara1701: Anies Baswedan: Orang Baik Harus Mau Masuk Politik

#IndonesiaMemanggilAnies 
#AniesPresiden2024
https://t.co/FLcIk3lB08"
1.58E+18,RT @Yurissa_Samosir: @alisyarief Ini ada Vidio bang @alisyarief DPC Partai PPP  Kota Medan dan DPC Partai PPP Se DKI Jakarta Mendeklarasika…
1.58E+18,RT @aLy_Bima: Video ini hanya untuk orang yang belum tahu prestasi gubernur DKI jakarta bang anies baswedan � https://t.co/iO8tYUlXtu
1.58E+18,"RT @geloraco: Gelar Acara Dukungan, Warga Jateng Ingin Merasakan Dipimpin Anies Baswedan
https://t.co/zBOCm4Ltvn"
1.58E+18,"RT @OposisiCerdas: Gelar Acara Dukungan, Warga Jateng Ingin Merasakan Dipimpin Anies Baswedan
https://t.co/3TRPHBrT8d"
1.58E+18,"RT @BosPurwa: #IndonesiaMemanggil 
5 Tahun Anies Baswedan memimpin DKI Jakarta dibanding dengan periode sebelumnya maka:

Lebih baik�Retwee…"
1.58E+18,"RT @Ozil855282201: Warga kota Makassar menyambut pelepasan Gubernur DKI ANIES BASWEDAN, kini menjadi calon Presiden 2024-2029 dengan kelili…"
1.58E+18,"RT @tvOneNews: Bersepeda dari Rumah, Anies Baswedan Tiba di Balai Kota Disambut Ribuan Massa https://t.co/KH92IzelOz"
1.58E+18,Udah gak sabar tunggu pak anies jadi presiden #AniesPresiden2024 https://t.co/vcBLHOqwQh
1.58E+18,"RT @alisyarief: Partai Koalisi Pemerintah 82% suaranya di Parlemen (dari 7 partai). Saat Pencapresan, tak mau bersatu. Mereka ingin sendiri…"
1.58E+18,"RT @alisyarief: Partai Koalisi Pemerintah 82% suaranya di Parlemen (dari 7 partai). Saat Pencapresan, tak mau bersatu. Mereka ingin sendiri…"
1.58E+18,"@GunRomli Berapa milyar lagi tu beli piagam oleh sih abut, dia tau kalau selama ini dia bapak i politik indentitas makanya segala cara dilakukan untuk membersihkan namanya"
1.58E+18,RT @aLy_Bima: Video ini hanya untuk orang yang belum tahu prestasi gubernur DKI jakarta bang anies baswedan � https://t.co/iO8tYUlXtu
1.58E+18,"RT @maspiyuaja: Kota Impian Saya 20 Tahun Lalu, Kini Terwujud... Terima Kasih Pak Anies Baswedan https://t.co/vUJ1S1TROb https://t.co/lsE68…"
1.58E+18,"RT @alisyarief: Partai Koalisi Pemerintah 82% suaranya di Parlemen (dari 7 partai). Saat Pencapresan, tak mau bersatu. Mereka ingin sendiri…"
1.58E+18,"RT @Relawananies: Gelar Acara Dukungan, Warga Jateng Ingin Merasakan Dipimpin Anies Baswedan

https://t.co/mTfUjqv4L9"
1.58E+18,"RT @BosPurwa: #IndonesiaMemanggil 
5 Tahun Anies Baswedan memimpin DKI Jakarta dibanding dengan periode sebelumnya maka:

Lebih baik�Retwee…"
1.58E+18,@03__nakula https://t.co/gjqEg8lxSR
1.58E+18,RT @BosPurwa: Silakan Reply dengan gambar atau video yang kelen sukai dari acara perpisahan Anies Baswedan di hari kemarin ditambah tagar #…
1.58E+18,"@alisyarief PD akan mundur bila terjadi tawaran  penCawapres di tolak oleh koalisi.
Mendingan PD memilih utk oposisi."
1.58E+18,"RT @machbeach: Jogja, kandang Ganjar sdh tergerus oleh Anies Baswedan https://t.co/J1mXkF35Ex"
1.58E+18,"RT @GunRomli: Bapak Christoforus Rea (Tokoh Ummat Katolik) namanya dicatut untuk gelar 'Bapak Toleransi Beragama' unt Anies Baswedan.

Dia…"
1.58E+18,RT @humasjakfire: Ucapan terima kasih Satriadi Gunawan selaku Kepala Dinas Penanggulangan Kebakaran dan Penyelamatan Provinsi DKI Jakarta k…
1.58E+18,"RT @HelmiFelis_: Zaman Anies Baswedan rakyat sangat dimudahkan

Saking mudahnya rakyat tidak perlu datang, hanya ngadu lewat Hp atau RT set…"
1.58E+18,"@alisyarief Masih ada percaya analisanya ?
Banyakan hoax dipercaya"
1.58E+18,"RT @machbeach: Jogja, kandang Ganjar sdh tergerus oleh Anies Baswedan https://t.co/J1mXkF35Ex"
1.58E+18,"RT @studiyanto: Ini di Pusat Kota Semarang, Jawa tengah, sekumpulan warga  mendukung Anies Baswedan, Previous Mayor of Jakarta, untuk Menja…"
1.58E+18,RT @aLy_Bima: Video ini hanya untuk orang yang belum tahu prestasi gubernur DKI jakarta bang anies baswedan � https://t.co/iO8tYUlXtu
1.58E+18,"RT @alisyarief: Partai Koalisi Pemerintah 82% suaranya di Parlemen (dari 7 partai). Saat Pencapresan, tak mau bersatu. Mereka ingin sendiri…"
1.58E+18,RT @aLy_Bima: Video ini hanya untuk orang yang belum tahu prestasi gubernur DKI jakarta bang anies baswedan � https://t.co/iO8tYUlXtu
1.58E+18,"@tohir_extrem �� buang2 tenaga ngamuk2 
Mending ngopi bro 
Pak anies baswedan sehat sllu 
Salam sehat dan bahagia buat kang tohir https://t.co/7DT1u7VI3g"
1.58E+18,"Tidak masalah...nanti juga mengerucut, memilih yg terbaik...dan lagi koalisi Pemerintah belum memutuskan Capres, kita masih sibuk kerja...anda merasa Pinter tapi Bodoh...mau PD, PKS dan Nasdem bareng an mencalonkan wan ambruk, emang masalah... https://t.co/iPUPge3yUX"
1.58E+18,@Maheswari_Trans @RezaSitumorang8 @Tita83079013 Anjing menggonggong Anies Baswedan presiden RI 2024 penyelamat bangsa Indonesia
1.58E+18,https://t.co/JEEuqlwMOn
1.58E+18,"RT @Relawananies: Kenduri Rakyat, Jarnas Anies Baswedan memggelar tumpengan dukung Anies Capres 2024

Kenduri Rakyat dilaksanakan serentak…"
1.58E+18,"RT @Relawananies: Ratusan nelayan di Indramayu deklarasi dukung Anies Baswedan Presiden 2024, (16/10). https://t.co/g5VluXoWYr"
1.58E+18,"RT @tvOneNews: Anies Baswedan Duduk Bareng Elite Parpol, PKS: Kami Makin Erat dan Cocok https://t.co/WfTwP9IpL9"
1.58E+18,"RT @aLy_Bima: Bosen ga sahabat klo yang di post prestasi �

Halte megah bundaran HI karya anies baswedan. https://t.co/Hu9Tiry1Ms"
1.58E+18,RT @aLy_Bima: Video ini hanya untuk orang yang belum tahu prestasi gubernur DKI jakarta bang anies baswedan � https://t.co/iO8tYUlXtu
1.58E+18,@Mencaricinta99 Alhamdulillah udah bener ternyata ga milih Anies Baswedan
1.58E+18,"RT @Relawananies: Ratusan nelayan di Indramayu deklarasi dukung Anies Baswedan Presiden 2024, (16/10). https://t.co/g5VluXoWYr"
1.58E+18,"@aLy_Bima Kok gak ada  gambar hasil kerja soal SUMUR RESAPAN DAN NATURALISASI,BAMBU GETAH,SEPATU DAN PETI MATI...apa itu bukan KARYA PAK ANIES ya???maaf cuman bertanya aja..."
1.58E+18,@tempodotco Di saaat mau nyapresss ... Ckckck
1.58E+18,"RT @HelmiFelis_: Sejak kemarin Anies Baswedan bukan lagi Gubernur Indonesia

Anies Baswedan telah menjelma menjadi Gubernur Dunia.!!

#Indo…"
1.58E+18,"RT @HelmiFelis_: Sejak kemarin Anies Baswedan bukan lagi Gubernur Indonesia

Anies Baswedan telah menjelma menjadi Gubernur Dunia.!!

#Indo…"
1.58E+18,"Anies Baswedan Lengser, Giring Ganesha: A New Hope for Jakarta, Langsung Gaspol! https://t.co/9ud60YjGze"
1.58E+18,@alisyarief PKS PD masih malu2 kucing keleus ... � gimana ceritanya saat ini PKS ada 3 nama cawapres ... sementara PD 1 nama cawapres (masih ngarep capres) �
1.58E+18,"RT @musniumar: Anies Baswedan Dilepas Lautan manusia. Sebelum Anies berpidato, Ariza Patria berpidato. Anies ajak warga untuk menyanyi bers…"
1.58E+18,@alisyarief setuju P3 gabung
1.58E+18,"RT @Relawananies: Dari Papua khusus bertemu Anies di acara perpisahan.

Anies Baswedan bukan hanya milik Jakarta tapi Indonesia. https://t.…"
1.58E+18,"RT @Ozil855282201: Warga kota Makassar menyambut pelepasan Gubernur DKI ANIES BASWEDAN, kini menjadi calon Presiden 2024-2029 dengan kelili…"
1.58E+18,"RT @Relawananies: Kenduri Rakyat, Jarnas Anies Baswedan memggelar tumpengan dukung Anies Capres 2024

Kenduri Rakyat dilaksanakan serentak…"
1.58E+18,"RT @GunRomli: Bapak Christoforus Rea (Tokoh Ummat Katolik) namanya dicatut untuk gelar 'Bapak Toleransi Beragama' unt Anies Baswedan.

Dia…"
1.58E+18,@aLy_Bima Pura pura bahagia itu menyakitkan �
1.58E+18,"RT @MohammadDayatS: Rakyat tahu mana pemimpin yg baik, jujur, amanah, tidak memperkaya diri sendiri dan berpihak pada rakyat kecil..

Saya…"
1.58E+18,"RT @Ozil855282201: Warga kota Makassar menyambut pelepasan Gubernur DKI ANIES BASWEDAN, kini menjadi calon Presiden 2024-2029 dengan kelili…"
1.58E+18,"RT @Mdy_Asmara1701: Kenduri Rakyat, Jarnas Anies Baswedan Yogyakarta Gelar Tumpengan Dukung Anies Capres 2024

#IndonesiaMemanggil
#Indones…"
1.58E+18,RT @PutraErlangga95: 2024 Anies Baswedan https://t.co/xZ5dEXaJqC
1.58E+18,"RT @bos_sir: Bukti kecintaan masyarakat kepada Bpk Anies Baswedan.
Anies.
#TerimaKasihJakarta 
#TerimaKasihAniesBaswedan
#TerimaKasihAnies…"
1.58E+18,"RT @Relawananies: Selama hampir lima tahun menjabat sebagai orang nomor satu di Jakarta, mayoritas warga ibu kota puas dengan kinerja Guber…"
1.58E+18,"RT @HelmiFelis_: Sejak kemarin Anies Baswedan bukan lagi Gubernur Indonesia

Anies Baswedan telah menjelma menjadi Gubernur Dunia.!!

#Indo…"
1.58E+18,"RT @Mdy_Asmara1701: Pecah!
Perpisahan pak Anies Baswedan dengan warga Jakarta 

#TerimaKasihPakAnies 
#IndonesiaMemanggil https://t.co/Kw91…"
1.58E+18,"RT @kba_news: Merawat Indonesia, Grassroot Anies Deklarasi Dukung Anies Baswedan Presiden 2024 https://t.co/FgYxkw913R"
1.58E+18,"Anies Baswedan Tidak Terburu-buru Menentukan Cawapres
https://t.co/n7Mu9aSqXg"
1.58E+18,RT @GobangSebutanya: Bukan di atas jep mewah beliau hanya bersepeda... Barakallah kami akan antar pak Anies Baswedan menuju RI1 https://t.c…
1.58E+18,"RT @Kimberley_2022: Mengembalikan Balaikota seperti masa masa jahiliyah sebelum rezim Anies Baswedan. 

Dasarnya tidak bisa diajak maju dan…"
1.58E+18,"RT @RomitsuT: Ada apa dengan Anies Baswedan ?
Ini baru pertama kali terjadi di Indonesia bahkan dunia ( maaf kalau saya salah ) , dimana pa…"
1.58E+18,"RT @Relawananies: Kenduri Rakyat, Jarnas Anies Baswedan memggelar tumpengan dukung Anies Capres 2024

Kenduri Rakyat dilaksanakan serentak…"
1.58E+18,@RikeSants Presiden yang ke 2024 ��
1.58E+18,@Relawananies Kwek....kwek... https://t.co/7UXUaSnUDa
1.58E+18,@Relawananies https://t.co/qIiZbO1k0w
1.58E+18,@niluhdjelantik Anies Baswedan For Presz
1.58E+18,"RT @DoankWarto: PMI kok ikut ikutan MAIN POLITIK galang dukungan Anies Baswedan !!!
Siapa ini dalangnya ?
Apakah dana PMI untuk kegiatan po…"
1.58E+18,"RT @alisyarief: Partai Koalisi Pemerintah 82% suaranya di Parlemen (dari 7 partai). Saat Pencapresan, tak mau bersatu. Mereka ingin sendiri…"
1.58E+18,"Kelihatan banget asalnya, belum juga koordinasi sama staf dan jajarannya tahu2 dah ngomong program2 aja, Giveaway kok gini banget ya min ? https://t.co/tROfdeEaaD"
1.58E+18,"RT @OposisiCerdas: Kamhar Lakumani Sebut Anies Baswedan Sudah Penuhi Janji Kampanye Tanpa Masuk Gorong-gorong
https://t.co/WNo93Kzpyn"
1.58E+18,"RT @Mdy_Asmara1701: Anies Baswedan: Orang Baik Harus Mau Masuk Politik

#IndonesiaMemanggilAnies 
#AniesPresiden2024
https://t.co/FLcIk3lB08"
1.58E+18,"RT @alisyarief: Partai Koalisi Pemerintah 82% suaranya di Parlemen (dari 7 partai). Saat Pencapresan, tak mau bersatu. Mereka ingin sendiri…"
1.58E+18,"RT @HelmiFelis_: Sejak kemarin Anies Baswedan bukan lagi Gubernur Indonesia

Anies Baswedan telah menjelma menjadi Gubernur Dunia.!!

#Indo…"
1.58E+18,"RT @ridhorahadi: @aniesbaswedan @DKIJakarta Kita semua berharap kebaikan dari seorang yang baik seperti Anies Baswedan, jangan hanya menung…"
1.58E+18,"RT @studiyanto: Ini di Pusat Kota Semarang, Jawa tengah, sekumpulan warga  mendukung Anies Baswedan, Previous Mayor of Jakarta, untuk Menja…"
1.58E+18,"RT @alisyarief: Partai Koalisi Pemerintah 82% suaranya di Parlemen (dari 7 partai). Saat Pencapresan, tak mau bersatu. Mereka ingin sendiri…"
1.58E+18,"RT @Relawananies: Gelar Acara Dukungan, Warga Jateng Ingin Merasakan Dipimpin Anies Baswedan

https://t.co/mTfUjqv4L9"
1.58E+18,"Terimakasih Pak ANIES BASWEDAN.

#NCT런쥔 
#BallonDor 
Gavi
JIN X COLDPLAY 
Luna 
Semoga 2025 https://t.co/iEN2q2FHeT"
1.58E+18,RT @GobangSebutanya: Bukan di atas jep mewah beliau hanya bersepeda... Barakallah kami akan antar pak Anies Baswedan menuju RI1 https://t.c…
1.58E+18,"RT @JokowiHebat_: Terimakasih Pak ANIES BASWEDAN.

#NCT런쥔 
#BallonDor 
Gavi
JIN X COLDPLAY 
Luna 
Semoga 2025 https://t.co/iEN2q2FHeT"
1.58E+18,"RT @tvOneNews: Hapus Keraguan dengan Anies Baswedan, The Jakmania: Terima Kasih Sudah Menjadi Bapak Kami, Terima Kasih Stadionnya https://t…"
1.58E+18,RT @JarnasABW: Relawan JARNAS di seluruh Indonesia bergerak dan bergembira menyambut purna tugas Anies Baswedan sbg gubernur Jakarta dan si…
1.58E+18,"RT @tvOneNews: Bersepeda dari Rumah, Anies Baswedan Tiba di Balai Kota Disambut Ribuan Massa https://t.co/KH92IzelOz"
1.58E+18,"Anies Baswedan Sempat Bertemu Jendral Andika, Bahas Cawapres? https://t.co/y69cVaukvO"
1.58E+18,@HelmiFelis_ https://t.co/XsTJbXYUeV
1.58E+18,RT @tatakujiyati: Pak Anies meninggalkan Jakarta dg hati lapang. Beliau percaya Pak Jokowi telah memilih org yg tepat. Seorang teknokrat yg…
1.58E+18,"RT @OposisiCerdas: Gelar Acara Dukungan, Warga Jateng Ingin Merasakan Dipimpin Anies Baswedan
https://t.co/3TRPHBrT8d"
1.58E+18,"RT @BosPurwa: #IndonesiaMemanggil 
5 Tahun Anies Baswedan memimpin DKI Jakarta dibanding dengan periode sebelumnya maka:

Lebih baik�Retwee…"
1.58E+18,@GunRomli semoga sukses ya Gun https://t.co/mLLNE7XtSL
1.58E+18,"RT @OposisiCerdas: Anies Baswedan Tidak Terburu-buru Menentukan Cawapres
https://t.co/n7Mu9aSqXg"
1.58E+18,RT @Relawananies: Momen haru saat Anies Baswedan peluk Heru Budi usai Pelantikan Pj Gubernur DKI. https://t.co/dRunCv5ZAl
1.58E+18,@maspiyuaja Terima kasih om https://t.co/PUgr2mGtru
1.58E+18,"RT @BosPurwa: #IndonesiaMemanggil 
5 Tahun Anies Baswedan memimpin DKI Jakarta dibanding dengan periode sebelumnya maka:

Lebih baik�Retwee…"
1.58E+18,"RT @OposisiCerdas: Kamhar Lakumani Sebut Anies Baswedan Sudah Penuhi Janji Kampanye Tanpa Masuk Gorong-gorong
https://t.co/WNo93Kzpyn"
1.58E+18,@GunRomli Bosmu ����� gak ngapa ngapain https://t.co/KkNWcsTG08
